City_ID,City,Country,Date,Lat,Lng,Max Temp,Humidity,Cloudiness,Wind Speed
0,Kutum,SD,2021-11-25 21:04:35,14.2,24.6667,63.25,14,0,8.95
1,Palmares,BR,2021-11-25 21:02:54,-8.6833,-35.5917,78.48,73,9,9.82
2,Lebu,CL,2021-11-25 21:02:35,-37.6167,-73.65,60.75,78,16,11.07
3,Odienne,CI,2021-11-25 21:04:36,9.51,-7.5692,75.99,35,4,2.75
4,Punta Arenas,CL,2021-11-25 21:00:32,-53.15,-70.9167,51.12,50,46,23.62
5,Waitati,NZ,2021-11-25 21:04:37,-45.75,170.5667,59.34,60,100,3.83
6,Mount Gambier,AU,2021-11-25 21:04:37,-37.8333,140.7667,51.71,62,90,21.85
7,Hilo,US,2021-11-25 21:00:07,19.7297,-155.09,75.79,97,85,1.99
8,Namwala,ZM,2021-11-25 21:04:37,-15.7504,26.4384,73.33,66,79,4.7
9,Kapaa,US,2021-11-25 21:01:09,22.0752,-159.319,79.2,70,73,3.0
10,Bugulma,RU,2021-11-25 21:04:38,54.55,52.8,20.55,96,96,11.27
11,Lagoa,PT,2021-11-25 21:04:38,39.05,-27.9833,61.93,68,77,32.17
12,Vila Franca Do Campo,PT,2021-11-25 21:04:39,37.7167,-25.4333,60.19,72,77,18.21
13,Haines Junction,CA,2021-11-25 21:04:39,60.7522,-137.5108,9.57,92,100,2.66
14,Katsuura,JP,2021-11-25 21:04:39,35.1333,140.3,52.2,61,0,7.65
15,Labuhan,ID,2021-11-25 21:04:40,-6.8844,112.2051,78.82,83,100,6.2
16,Turayf,SA,2021-11-25 21:04:40,31.6725,38.6637,57.04,48,1,9.4
17,Kavieng,PG,2021-11-25 21:02:23,-2.5744,150.7967,82.99,70,36,7.31
18,Sao Filipe,CV,2021-11-25 21:04:19,14.8961,-24.4956,78.33,74,68,7.29
19,Dingle,PH,2021-11-25 21:04:41,10.9995,122.6711,75.7,94,94,5.5
20,Nieuwkoop,NL,2021-11-25 21:04:41,52.1508,4.7764,45.05,89,20,1.99
21,Bluff,NZ,2021-11-25 21:00:59,-46.6,168.3333,52.38,94,100,11.43
22,Mataura,NZ,2021-11-25 21:01:05,-46.1927,168.8643,56.39,76,100,4.29
23,Isangel,VU,2021-11-25 21:04:42,-19.55,169.2667,82.51,78,40,4.61
24,Praia,CV,2021-11-25 21:04:21,14.9215,-23.5087,77.54,78,75,12.66
25,Tucurui,BR,2021-11-25 21:04:43,-3.7661,-49.6725,81.07,77,98,2.19
26,Gwadar,PK,2021-11-25 21:04:43,25.1216,62.3254,75.94,65,0,2.51
27,Rikitea,PF,2021-11-25 21:04:43,-23.1203,-134.9692,76.28,75,6,12.77
28,Puerto Ayora,EC,2021-11-25 21:01:00,-0.7393,-90.3518,71.55,85,69,11.01
29,Opuwo,NA,2021-11-25 21:04:44,-18.0607,13.84,71.01,23,5,11.88
30,New Norfolk,AU,2021-11-25 21:00:55,-42.7826,147.0587,51.75,67,23,3.49
31,Busselton,AU,2021-11-25 21:01:04,-33.65,115.3333,59.04,80,92,10.27
32,Diffa,NE,2021-11-25 21:04:45,13.3154,12.6113,76.75,24,52,7.96
33,Barrow,US,2021-11-25 21:03:28,71.2906,-156.7887,-9.38,70,75,12.66
34,Yeppoon,AU,2021-11-25 21:04:45,-23.1333,150.7333,73.18,82,100,5.01
35,Surt,LY,2021-11-25 21:04:46,31.2089,16.5887,74.61,40,86,14.72
36,Avarua,CK,2021-11-25 21:01:04,-21.2078,-159.775,80.65,83,6,10.36
37,Lekoni,GA,2021-11-25 21:04:46,-1.5843,14.2591,74.66,83,100,0.89
38,Pangnirtung,CA,2021-11-25 21:04:46,66.1451,-65.7125,21.43,90,100,4.94
39,Talnakh,RU,2021-11-25 21:04:47,69.4865,88.3972,2.46,95,100,6.29
40,Ginda,IN,2021-11-25 21:04:47,30.6945,78.4932,44.69,26,0,6.85
41,Cape Town,ZA,2021-11-25 21:01:08,-33.9258,18.4232,69.35,55,0,13.53
42,Pevek,RU,2021-11-25 21:02:23,69.7008,170.3133,-12.26,99,100,1.32
43,Kysyl-Syr,RU,2021-11-25 21:04:48,63.8986,122.7617,-4.05,93,100,4.03
44,Bonaventure,CA,2021-11-25 21:04:48,48.0457,-65.4926,40.33,91,100,8.43
45,Tasiilaq,GL,2021-11-25 21:03:12,65.6145,-37.6368,32.16,55,2,9.57
46,Clyde River,CA,2021-11-25 21:01:06,70.4692,-68.5914,0.12,99,100,2.75
47,Butwal,NP,2021-11-25 21:05:49,27.7006,83.4484,60.3,76,0,4.0
48,Maceio,BR,2021-11-25 21:05:49,-9.6658,-35.7353,81.84,78,20,8.05
49,Krasnoselkup,RU,2021-11-25 21:05:50,65.7,82.4667,0.72,97,98,9.82
50,Hobart,AU,2021-11-25 21:00:19,-42.8794,147.3294,52.11,70,40,4.0
51,Aklavik,CA,2021-11-25 21:05:51,68.2191,-135.0107,-7.6,77,75,8.05
52,Albany,US,2021-11-25 20:59:28,42.6001,-73.9662,43.75,65,100,1.74
53,Iquique,CL,2021-11-25 21:02:17,-20.2208,-70.1431,66.36,69,74,6.15
54,Victoria,HK,2021-11-25 21:01:49,22.2855,114.1577,68.32,72,12,3.0
55,Cherskiy,RU,2021-11-25 21:05:51,68.75,161.3,-24.36,100,100,3.36
56,Kandrian,PG,2021-11-25 21:05:52,-6.2167,149.55,78.75,84,100,2.26
57,Georgetown,MY,2021-11-25 21:05:52,5.4112,100.3354,78.73,90,20,0.0
58,Hambantota,LK,2021-11-25 21:05:53,6.1241,81.1185,77.27,88,98,8.79
59,Zhigansk,RU,2021-11-25 21:05:53,66.7697,123.3711,-5.98,89,100,13.49
60,Chicama,PE,2021-11-25 21:05:53,-7.8447,-79.1469,64.94,70,82,8.37
61,Muana,BR,2021-11-25 21:05:54,-1.5283,-49.2167,79.9,82,97,3.62
62,Namibe,AO,2021-11-25 21:05:54,-15.1961,12.1522,67.82,73,7,6.26
63,Port Alfred,ZA,2021-11-25 21:03:12,-33.5906,26.891,64.53,71,100,23.26
64,Port Hawkesbury,CA,2021-11-25 21:05:55,45.6169,-61.3485,53.01,99,90,5.99
65,Keuruu,FI,2021-11-25 21:05:55,62.2667,24.7,28.58,93,100,1.23
66,Touros,BR,2021-11-25 21:03:36,-5.1989,-35.4608,83.3,77,54,11.36
67,Saint George,US,2021-11-25 21:01:58,37.1041,-113.5841,59.34,21,1,4.0
68,San Patricio,US,2021-11-25 21:05:56,28.017,-97.5169,60.66,65,100,20.11
69,Biak,ID,2021-11-25 21:05:56,-0.9131,122.8766,76.6,83,99,2.46
70,Nikolayevka,RU,2021-11-25 21:05:56,53.1257,47.2041,30.92,93,100,8.23
71,Guerrero Negro,MX,2021-11-25 21:02:22,27.9769,-114.0611,75.47,37,0,6.51
72,Palembang,ID,2021-11-25 21:05:57,-2.9167,104.7458,76.78,92,100,0.69
73,Bud,US,2021-11-25 21:05:57,39.447,-86.1758,43.25,91,100,16.08
74,Lorengau,PG,2021-11-25 21:03:43,-2.0226,147.2712,81.63,74,87,3.33
75,Saint-Pierre,RE,2021-11-25 21:05:58,-21.3393,55.4781,78.48,71,90,3.44
76,Hermanus,ZA,2021-11-25 21:01:03,-34.4187,19.2345,63.81,74,0,25.88
77,Ushuaia,AR,2021-11-25 21:00:34,-54.8,-68.3,43.25,93,100,6.98
78,Long Beach,US,2021-11-25 21:03:48,33.767,-118.1892,79.88,8,1,11.99
79,Saint-Philippe,RE,2021-11-25 21:03:32,-21.3585,55.7679,78.39,83,53,4.56
80,Colesberg,ZA,2021-11-25 21:05:59,-30.72,25.0972,61.38,51,100,16.78
81,Sarai,RU,2021-11-25 21:06:00,53.7458,41.0213,34.45,85,100,12.93
82,Norman Wells,CA,2021-11-25 21:06:00,65.282,-126.8329,-17.84,92,100,7.87
83,Santa Maria,BR,2021-11-25 21:06:00,-29.6842,-53.8069,70.92,89,99,12.46
84,Calhoun,US,2021-11-25 21:06:01,42.2506,-85.0005,43.16,87,90,3.44
85,East London,ZA,2021-11-25 21:03:09,-33.0153,27.9116,63.52,77,100,16.78
86,Ostrovnoy,RU,2021-11-25 21:06:01,68.0531,39.5131,20.39,65,100,3.89
87,Atuona,PF,2021-11-25 20:55:58,-9.8,-139.0333,78.48,80,12,18.5
88,Naryan-Mar,RU,2021-11-25 21:06:02,67.6713,53.087,3.43,91,29,5.66
89,Upernavik,GL,2021-11-25 21:02:14,72.7868,-56.1549,22.05,87,100,11.12
90,Pasni,PK,2021-11-25 21:07:03,25.2631,63.471,76.6,53,0,7.74
91,Narsaq,GL,2021-11-25 21:07:03,60.9167,-46.05,34.02,99,100,7.16
92,Vaini,TO,2021-11-25 21:03:06,-21.2,-175.2,86.16,79,75,5.75
93,Butaritari,KI,2021-11-25 21:02:26,3.0707,172.7902,82.69,72,84,16.15
94,Yen Bai,VN,2021-11-25 21:07:04,21.7,104.8667,60.98,85,10,0.89
95,Mandalgovi,MN,2021-11-25 21:07:04,45.7625,106.2708,22.44,58,0,8.48
96,Puerto Colombia,CO,2021-11-25 21:07:05,10.9878,-74.9547,84.29,79,76,17.0
97,Harper,LR,2021-11-25 21:02:16,4.375,-7.7169,80.33,83,56,9.46
98,Port Hardy,CA,2021-11-25 21:00:11,50.6996,-127.4199,45.45,93,100,19.22
99,Dikson,RU,2021-11-25 21:02:13,73.5069,80.5464,-4.25,95,100,3.85
100,Luderitz,NA,2021-11-25 21:02:22,-26.6481,15.1594,59.85,94,11,3.42
101,Bredasdorp,ZA,2021-11-25 21:02:23,-34.5322,20.0403,63.28,75,11,24.9
102,Tiradentes,BR,2021-11-25 21:07:06,-21.1103,-44.1781,69.62,82,57,5.46
103,Wawa,NG,2021-11-25 21:07:06,9.9022,4.4192,82.0,34,7,0.22
104,Saskylakh,RU,2021-11-25 21:02:16,71.9167,114.0833,-6.95,95,76,8.61
105,Bengkulu,ID,2021-11-25 21:07:07,-3.8004,102.2655,77.7,82,99,3.31
106,Bambous Virieux,MU,2021-11-25 21:03:39,-20.3428,57.7575,73.22,72,0,2.26
107,Devils Lake,US,2021-11-25 21:07:07,48.1128,-98.8651,21.94,68,1,8.99
108,Baisha,CN,2021-11-25 21:06:48,26.5222,110.9311,48.49,74,0,2.01
109,Zilair,RU,2021-11-25 21:07:08,52.2332,57.4392,18.27,95,100,10.8
110,Craig,US,2021-11-25 21:05:13,40.5153,-107.5464,40.95,30,1,5.75
111,Abha,SA,2021-11-25 21:07:08,18.2164,42.5053,53.85,94,26,0.0
112,Yellowknife,CA,2021-11-25 21:02:25,62.456,-114.3525,10.42,87,90,16.11
113,Kiunga,PG,2021-11-25 21:07:09,-6.1219,141.2906,71.6,100,100,0.63
114,Beloha,MG,2021-11-25 21:07:10,-25.1667,45.05,68.45,55,76,11.5
115,Puerto Baquerizo Moreno,EC,2021-11-25 21:07:10,-0.9,-89.6,74.39,73,75,14.97
116,Thompson,CA,2021-11-25 21:04:18,55.7435,-97.8558,5.9,81,98,4.5
117,Husavik,IS,2021-11-25 21:07:10,66.0449,-17.3389,30.11,93,98,28.77
118,Uni,RU,2021-11-25 21:07:11,57.7535,51.4923,8.49,99,88,6.29
119,Fukue,JP,2021-11-25 21:07:11,32.6881,128.8419,58.84,56,0,14.92
120,Khatanga,RU,2021-11-25 21:07:12,71.9667,102.5,-19.55,100,98,3.11
121,Alexandria,EG,2021-11-25 21:07:12,31.2156,29.9553,67.55,69,37,3.06
122,Ust-Nera,RU,2021-11-25 21:07:12,64.5667,143.2,-31.31,97,43,2.01
123,Cayenne,GF,2021-11-25 21:07:13,4.9333,-52.3333,82.44,83,0,1.01
124,Westerland,DE,2021-11-25 21:07:13,54.9079,8.3033,44.62,65,20,17.27
125,Kaitangata,NZ,2021-11-25 21:07:13,-46.2817,169.8464,56.07,67,100,2.48
126,Ballina,AU,2021-11-25 21:07:14,-28.8667,153.5667,73.78,99,99,12.59
127,Cunday,CO,2021-11-25 21:07:14,4.06,-74.6921,77.27,83,92,2.17
128,Arraial Do Cabo,BR,2021-11-25 21:04:16,-22.9661,-42.0278,75.06,78,0,16.11
129,Okhotsk,RU,2021-11-25 21:03:40,59.3833,143.3,1.0,82,54,8.03
130,Jamestown,US,2021-11-25 20:59:10,42.097,-79.2353,43.02,89,90,4.0
131,Buchanan,LR,2021-11-25 21:07:15,5.8808,-10.0467,80.71,81,36,7.27
132,Tari,NG,2021-11-25 21:07:16,12.4086,4.4914,81.72,17,2,8.77
133,Rocha,UY,2021-11-25 21:07:16,-34.4833,-54.3333,69.58,54,100,3.22
134,Ilulissat,GL,2021-11-25 21:02:30,69.2167,-51.1,24.82,68,99,14.97
135,Lavrentiya,RU,2021-11-25 21:08:17,65.5833,-171.0,-6.9,88,6,8.9
136,Cabo San Lucas,MX,2021-11-25 21:04:27,22.8909,-109.9124,81.7,66,75,1.01
137,Caravelas,BR,2021-11-25 21:08:18,-17.7125,-39.2481,73.98,73,0,6.87
138,Geraldton,AU,2021-11-25 21:08:18,-28.7667,114.6,61.21,59,0,6.91
139,Mogadishu,SO,2021-11-25 21:06:12,2.0371,45.3438,81.05,83,100,17.11
140,Vidim,RU,2021-11-25 21:08:19,56.4088,103.1106,22.08,95,100,4.72
141,Karabash,RU,2021-11-25 21:08:19,55.4808,60.2157,10.74,96,84,3.78
142,Leh,IN,2021-11-25 21:08:20,34.1667,77.5833,16.29,73,31,3.85
143,Tuatapere,NZ,2021-11-25 21:07:32,-46.1333,167.6833,56.14,84,100,3.98
144,Soyo,AO,2021-11-25 21:08:20,-6.1349,12.3689,78.84,85,99,5.26
145,Bukama,CD,2021-11-25 21:08:21,-9.2,25.85,69.76,91,100,1.14
146,Chinna Salem,IN,2021-11-25 21:06:12,11.65,78.9,73.96,93,96,6.93
147,Te Anau,NZ,2021-11-25 21:08:21,-45.4167,167.7167,55.67,84,100,6.55
148,Saint-Joseph,RE,2021-11-25 21:08:22,-21.3667,55.6167,77.38,83,28,1.83
149,Eureka,US,2021-11-25 21:03:41,40.8021,-124.1637,62.13,68,100,1.99
150,Del Rio,US,2021-11-25 21:08:22,29.3627,-100.8968,68.11,26,1,16.11
151,Thinadhoo,MV,2021-11-25 21:08:23,0.5333,72.9333,81.07,71,55,17.4
152,Broome,US,2021-11-25 21:08:23,42.2506,-75.833,46.02,69,90,1.99
153,Batemans Bay,AU,2021-11-25 21:08:24,-35.7167,150.1833,64.2,95,100,12.55
154,Cockburn Town,TC,2021-11-25 20:56:08,21.4612,-71.1419,78.76,57,40,13.8
155,Esperance,AU,2021-11-25 21:02:19,-33.8667,121.9,57.52,84,99,8.95
156,San Andres,CO,2021-11-25 21:04:13,12.5847,-81.7006,84.22,74,40,9.22
157,Coihaique,CL,2021-11-25 21:01:20,-45.5752,-72.0662,56.14,45,18,11.43
158,Sandwick,GB,2021-11-25 21:08:25,60.0,-1.25,39.02,93,75,18.41
159,Zhangjiakou,CN,2021-11-25 21:08:25,40.81,114.8794,25.75,68,1,5.19
160,Belyy Yar,RU,2021-11-25 21:08:26,53.6039,91.3903,21.09,93,100,2.24
161,Souillac,MU,2021-11-25 21:08:26,-20.5167,57.5167,72.36,74,0,2.08
162,Hervey Bay,AU,2021-11-25 21:08:27,-25.2986,152.8535,76.03,95,97,14.65
163,Buraydah,SA,2021-11-25 21:08:27,26.326,43.975,68.05,32,0,10.11
164,Oistins,BB,2021-11-25 21:08:28,13.0667,-59.5333,81.09,74,55,4.85
165,Sangre Grande,TT,2021-11-25 21:08:28,10.5835,-61.1177,84.18,79,97,5.01
166,College,US,2021-11-25 21:08:28,64.8569,-147.8028,-4.34,74,75,0.0
167,Alekseyevka,RU,2021-11-25 21:08:29,50.6309,38.6903,28.38,87,16,7.61
168,Basco,PH,2021-11-25 21:08:29,20.4487,121.9702,77.77,80,100,25.23
169,Shenjiamen,CN,2021-11-25 21:08:30,29.9576,122.298,54.59,56,0,3.74
170,Volchikha,RU,2021-11-25 21:08:30,52.0333,80.3833,11.08,92,99,10.74
171,Baft,IR,2021-11-25 21:08:30,29.234,56.6057,47.1,32,0,1.57
172,Kruisfontein,ZA,2021-11-25 21:08:31,-34.0033,24.7314,61.88,80,100,18.99
173,Coahuayana,MX,2021-11-25 21:08:31,18.7333,-103.6833,92.68,50,6,6.35
174,Airai,TL,2021-11-25 21:03:43,-8.9266,125.4092,61.52,92,79,1.39
175,Marsh Harbour,BS,2021-11-25 21:05:29,26.5412,-77.0636,72.95,63,67,15.21
176,Hithadhoo,MV,2021-11-25 21:09:32,-0.6,73.0833,81.32,71,98,16.26
177,Mayo,US,2021-11-25 21:06:18,38.8876,-76.5119,59.23,61,1,3.0
178,Tongchuan,CN,2021-11-25 21:09:32,35.0806,109.0897,41.83,35,17,5.28
179,Provideniya,RU,2021-11-25 21:09:33,64.3833,-173.3,3.31,60,40,8.95
180,Svetlaya,RU,2021-11-25 21:09:33,46.5389,138.3297,21.6,71,86,11.27
181,Evensk,RU,2021-11-25 21:09:33,61.95,159.2333,-9.89,81,1,13.56
182,Ust-Tsilma,RU,2021-11-25 21:09:34,65.441,52.1498,-2.97,100,87,1.72
183,Nadadores,MX,2021-11-25 21:09:34,27.05,-101.6,57.24,82,90,0.0
184,Fort Nelson,CA,2021-11-25 21:09:35,58.8053,-122.7002,7.92,90,100,2.37
185,Mende,FR,2021-11-25 21:09:35,44.6667,3.5,32.47,96,100,6.06
186,Nalut,LY,2021-11-25 21:09:35,30.3333,10.85,59.88,53,1,9.89
187,Saint-Georges,GD,2021-11-25 21:09:36,12.0564,-61.7485,85.68,74,20,9.22
188,Severo-Kurilsk,RU,2021-11-25 21:08:58,50.6789,156.125,35.37,87,100,6.8
189,Northam,GB,2021-11-25 21:02:14,51.0333,-4.2167,44.62,84,100,12.95
190,Bundaberg,AU,2021-11-25 21:01:00,-24.85,152.35,76.21,97,96,3.0
191,Flin Flon,CA,2021-11-25 21:09:36,54.7682,-101.865,16.21,83,100,9.33
192,Banda Aceh,ID,2021-11-25 21:09:37,5.5577,95.3222,77.74,84,100,4.34
193,Abonnema,NG,2021-11-25 21:09:37,4.7084,6.7931,78.04,87,12,5.55
194,Qaanaaq,GL,2021-11-25 21:00:59,77.484,-69.3632,-3.17,70,100,6.13
195,Sao Joao Da Barra,BR,2021-11-25 21:02:34,-21.6403,-41.0511,73.71,77,3,9.53
196,Donskoye,RU,2021-11-25 21:09:38,45.4552,41.9741,32.13,83,3,8.99
197,Maniitsoq,GL,2021-11-25 21:01:10,65.4167,-52.9,24.4,71,100,12.12
198,Belmonte,BR,2021-11-25 21:09:39,-15.8631,-38.8828,75.7,78,64,9.89
199,Porangatu,BR,2021-11-25 21:09:39,-13.4408,-49.1486,80.74,66,100,2.33
200,Neuquen,AR,2021-11-25 21:09:39,-38.9516,-68.0591,84.15,16,3,23.4
201,Tuktoyaktuk,CA,2021-11-25 21:03:31,69.4541,-133.0374,-1.82,95,100,15.86
202,Namuac,PH,2021-11-25 21:09:40,18.6109,121.1657,77.02,91,95,14.47
203,Beringovskiy,RU,2021-11-25 21:07:34,63.05,179.3167,-4.72,91,100,10.49
204,Kodiak,US,2021-11-25 21:09:40,57.79,-152.4072,18.91,58,20,28.77
205,Romny,UA,2021-11-25 21:09:41,50.751,33.4747,30.36,84,6,13.0
206,Puerto Madryn,AR,2021-11-25 21:08:35,-42.7692,-65.0385,68.99,41,2,17.94
207,Malinovoye Ozero,RU,2021-11-25 21:09:41,51.6753,79.7825,14.27,85,98,11.56
208,Jalu,LY,2021-11-25 21:09:42,29.0331,21.5482,71.06,27,2,12.62
209,Anadyr,RU,2021-11-25 21:09:42,64.75,177.4833,-14.3,76,40,8.95
210,Adilpur,PK,2021-11-25 21:08:17,27.937,69.3187,62.49,19,0,7.27
211,Laguna,US,2021-11-25 21:09:43,38.421,-121.4238,69.01,60,1,1.01
212,Takoradi,GH,2021-11-25 21:09:43,4.8845,-1.7554,80.53,84,19,7.96
213,Swellendam,ZA,2021-11-25 21:09:43,-34.0226,20.4417,61.63,75,0,15.64
214,Garachine,PA,2021-11-25 21:09:44,8.0647,-78.3628,79.93,80,100,3.27
215,Nikolskoye,RU,2021-11-25 21:02:17,59.7035,30.7861,42.03,89,100,14.14
216,Lashio,MM,2021-11-25 21:08:06,22.9333,97.75,55.13,98,9,1.66
217,Atar,MR,2021-11-25 21:07:23,20.5169,-13.0499,84.11,24,98,7.05
218,Tilichiki,RU,2021-11-25 21:09:44,60.4667,166.1,5.5,96,100,10.89
219,Palu,ID,2021-11-25 21:09:45,-0.8917,119.8707,75.81,93,100,3.09
220,Kununurra,AU,2021-11-25 21:09:45,-15.7667,128.7333,80.58,89,40,0.0
221,Ursulo Galvan,MX,2021-11-25 21:09:46,22.7333,-98.3,85.19,62,93,6.33
222,Prince Rupert,CA,2021-11-25 21:09:46,54.3161,-130.3201,50.09,76,90,12.66
223,Nelson Bay,AU,2021-11-25 21:09:46,-32.7167,152.15,66.09,96,100,3.0
224,Pisco,PE,2021-11-25 21:03:34,-13.7,-76.2167,69.85,73,0,16.11
225,Kati,ML,2021-11-25 21:07:19,12.7441,-8.0726,81.81,23,55,2.17
226,Los Llanos De Aridane,ES,2021-11-25 21:10:47,28.6585,-17.9182,64.15,95,75,9.22
227,Farah,AF,2021-11-25 21:10:47,32.5,62.5,50.41,38,15,2.24
228,Raga,SS,2021-11-25 21:10:48,8.4596,25.678,74.8,23,5,4.65
229,Faanui,PF,2021-11-25 21:10:48,-16.4833,-151.75,82.35,72,7,18.77
230,Matadi,CD,2021-11-25 21:10:49,-5.8167,13.45,75.87,94,100,2.21
231,Saint-Francois,FR,2021-11-25 21:10:49,46.4154,3.9054,35.04,91,90,9.22
232,Iguape,BR,2021-11-25 21:10:49,-24.7081,-47.5553,73.49,84,67,11.01
233,Chokurdakh,RU,2021-11-25 21:03:29,70.6333,147.9167,-30.68,100,27,4.59
234,Nyrob,RU,2021-11-25 21:10:50,60.733,56.7202,10.04,96,98,5.21
235,Bethel,US,2021-11-25 21:10:50,41.3712,-73.414,55.04,51,20,3.44
236,Bafra,TR,2021-11-25 21:10:51,41.5678,35.9069,47.82,80,5,6.8
237,Bella Union,UY,2021-11-25 21:10:51,-30.2752,-57.6007,85.59,38,53,20.11
238,Sorland,NO,2021-11-25 21:10:51,67.667,12.6934,21.27,44,100,9.31
239,Shellbrook,CA,2021-11-25 21:10:52,53.2168,-106.4011,20.66,93,100,7.31
240,Lubao,PH,2021-11-25 21:10:52,14.9167,120.55,79.14,88,100,5.08
241,Potsdam,DE,2021-11-25 21:10:53,52.3989,13.0657,42.22,90,96,1.99
242,Saiha,IN,2021-11-25 21:10:53,22.4833,92.9667,57.85,76,3,3.56
243,Trofors,NO,2021-11-25 21:10:53,65.5333,13.4063,25.95,95,100,3.76
244,Hasaki,JP,2021-11-25 21:10:54,35.7333,140.8333,39.6,56,0,6.11
245,Uwajima,JP,2021-11-25 21:10:54,33.2238,132.56,54.79,72,11,12.01
246,Cairns,AU,2021-11-25 21:10:54,-16.9167,145.7667,79.07,90,40,3.44
247,Chitral,PK,2021-11-25 21:10:55,35.8462,71.7858,43.23,44,0,7.99
248,Torbay,CA,2021-11-25 21:02:18,47.6666,-52.7314,51.28,99,90,17.27
249,Castro,BR,2021-11-25 21:02:21,-24.7911,-50.0119,75.31,57,84,4.94
250,Rosarito,MX,2021-11-25 21:10:06,32.3333,-117.0333,79.39,21,0,16.58
251,Ushtobe,KZ,2021-11-25 21:10:56,45.2514,77.9838,46.13,89,100,19.17
252,Tessalit,ML,2021-11-25 21:10:56,20.1986,1.0114,76.95,31,21,5.48
253,Walvis Bay,NA,2021-11-25 21:10:57,-22.9575,14.5053,60.1,91,0,2.01
254,Morondava,MG,2021-11-25 21:02:26,-20.2833,44.2833,76.66,58,32,17.02
255,Vostok,RU,2021-11-25 21:10:57,46.4856,135.8833,6.8,97,99,4.74
256,Borgarnes,IS,2021-11-25 21:10:57,64.5383,-21.9206,34.36,65,58,11.61
257,Sabang,ID,2021-11-25 21:10:58,5.8933,95.3214,79.18,79,100,4.56
258,Havre-Saint-Pierre,CA,2021-11-25 21:10:59,50.2334,-63.5986,42.66,94,100,7.16
259,Wilmington Island,US,2021-11-25 21:07:04,32.0036,-80.9737,68.99,57,1,8.05
260,Belaya Gora,RU,2021-11-25 21:09:55,68.5333,146.4167,-35.93,100,48,1.97
261,Araouane,ML,2021-11-25 21:10:59,18.9048,-3.5265,80.02,27,10,7.78
262,Launceston,AU,2021-11-25 21:01:01,-41.45,147.1667,53.62,67,40,7.0
263,Strezhevoy,RU,2021-11-25 21:11:00,60.7333,77.5889,1.38,100,94,5.21
264,Blagoyevo,RU,2021-11-25 21:11:00,63.3667,47.9167,10.49,95,100,4.03
265,Tual,ID,2021-11-25 21:11:01,-5.6667,132.75,82.78,77,100,4.94
266,Hovd,MN,2021-11-25 21:11:01,48.0056,91.6419,31.3,36,100,11.01
267,Scottsbluff,US,2021-11-25 21:11:02,41.8666,-103.6672,57.63,21,1,11.01
268,Villanueva De La Serena,ES,2021-11-25 21:11:02,38.9766,-5.7974,44.83,68,100,3.67
269,Lumphat,KH,2021-11-25 21:12:03,13.4878,106.9816,67.95,91,100,4.03
270,Alofi,NU,2021-11-25 21:12:03,-19.0595,-169.9187,82.29,83,75,5.75
271,Kaduna,NG,2021-11-25 21:09:00,10.5222,7.4383,74.77,22,19,7.25
272,Coquimbo,CL,2021-11-25 21:12:03,-29.9533,-71.3436,62.33,77,75,12.66
273,Mount Isa,AU,2021-11-25 21:12:04,-20.7333,139.5,67.77,68,40,4.61
274,Meulaboh,ID,2021-11-25 21:12:04,4.1363,96.1285,77.05,87,100,4.25
275,Palana,RU,2021-11-25 21:12:05,59.1167,159.9667,15.44,78,99,21.94
276,Rabo De Peixe,PT,2021-11-25 21:12:05,37.8,-25.5833,59.27,95,20,17.27
277,Verkhnyaya Inta,RU,2021-11-25 21:12:05,65.9811,60.3094,6.55,96,100,9.01
278,Kasama,ZM,2021-11-25 21:12:06,-10.2129,31.1808,63.23,92,99,3.36
279,Hofn,IS,2021-11-25 21:12:06,64.2539,-15.2082,30.65,61,0,30.27
280,Onufriyivka,UA,2021-11-25 21:12:07,48.9072,33.4487,30.67,72,2,10.2
281,Honningsvag,NO,2021-11-25 21:12:07,70.9821,25.9704,22.75,80,40,5.75
282,Fairbanks,US,2021-11-25 21:11:08,64.8378,-147.7164,-7.02,75,75,0.0
283,Codrington,AU,2021-11-25 21:12:08,-38.2667,141.9667,53.44,70,49,23.8
284,Kahului,US,2021-11-25 21:03:39,20.8947,-156.47,85.26,69,40,18.41
285,Mezen,RU,2021-11-25 21:12:08,65.8522,44.24,13.46,97,100,4.47
286,Pedro Escobedo,MX,2021-11-25 21:12:09,20.5,-100.1333,75.22,29,40,3.44
287,Mar Del Plata,AR,2021-11-25 21:12:09,-38.0023,-57.5575,64.87,83,100,4.0
288,Adrar,MR,2021-11-25 21:12:09,20.5022,-10.0711,78.8,28,91,5.14
289,Iqaluit,CA,2021-11-25 21:08:33,63.7506,-68.5145,23.29,71,93,12.33
290,Ucluelet,CA,2021-11-25 21:08:34,48.9329,-125.5528,52.09,94,100,3.2
291,Kilis,TR,2021-11-25 21:12:10,36.7161,37.115,50.23,85,100,3.31
292,Kerman,IR,2021-11-25 21:12:10,30.2832,57.0788,55.44,32,0,1.1
293,Bassano,CA,2021-11-25 21:12:11,50.7834,-112.4685,51.64,52,94,19.84
294,Siayan,PH,2021-11-25 21:12:11,8.2667,123.1,75.56,90,89,2.24
295,Christchurch,NZ,2021-11-25 21:10:28,-43.5333,172.6333,72.95,34,54,3.44
296,Shepsi,RU,2021-11-25 21:12:12,44.0361,39.1489,46.02,60,1,4.21
297,Leningradskiy,RU,2021-11-25 21:12:12,69.3833,178.4167,-22.52,97,100,5.1
298,Jacqueville,CI,2021-11-25 21:12:12,5.2052,-4.4146,84.11,79,41,12.28
299,Westport,US,2021-11-25 21:12:13,41.1415,-73.3579,56.32,43,1,1.99
300,Auki,SB,2021-11-25 21:12:13,-8.7676,160.7034,80.17,81,96,2.44
301,Moron,AR,2021-11-25 21:12:14,-34.6534,-58.6198,72.0,79,97,5.99
302,Bilibino,RU,2021-11-25 21:12:14,68.0546,166.4372,-25.49,99,98,3.36
303,Tiksi,RU,2021-11-25 21:08:31,71.6872,128.8694,0.05,82,100,5.53
304,Naze,JP,2021-11-25 21:09:54,28.3667,129.4833,59.95,65,100,7.18
305,Puerto Suarez,BO,2021-11-25 21:12:15,-18.95,-57.8,97.36,41,20,8.05
306,Bentong,MY,2021-11-25 21:12:15,3.5181,101.9079,75.43,98,100,1.28
307,Mecca,SA,2021-11-25 21:12:15,21.4267,39.8261,75.94,68,0,4.0
308,Carrollton,US,2021-11-25 21:08:31,32.9537,-96.8903,59.61,38,1,1.99
309,Kedrovyy,RU,2021-11-25 21:12:16,56.1667,91.8167,23.41,98,100,9.71
310,Bandarbeyla,SO,2021-11-25 21:12:16,9.4942,50.8122,78.94,80,46,14.88
311,Alice Town,BS,2021-11-25 21:12:17,25.7167,-79.3,74.03,63,56,14.92
312,Aleksandrov Gay,RU,2021-11-25 21:12:17,50.147,48.5704,28.58,88,63,8.12
313,Longyearbyen,SJ,2021-11-25 21:01:05,78.2186,15.6401,12.04,52,20,19.57
314,Montrose,US,2021-11-25 21:12:17,38.4166,-108.2673,37.74,22,1,2.8
315,Marawi,PH,2021-11-25 21:12:18,7.9986,124.2928,65.64,94,100,1.9
316,Jacareacanga,BR,2021-11-25 21:12:18,-6.2222,-57.7528,78.57,94,99,2.68
317,Bathsheba,BB,2021-11-25 21:12:19,13.2167,-59.5167,81.37,76,55,4.79
318,Padang,ID,2021-11-25 21:13:19,-0.9492,100.3543,77.05,82,74,4.65
319,Chiredzi,ZW,2021-11-25 21:13:19,-21.05,31.6667,73.18,57,100,10.58
320,Karasjok,NO,2021-11-25 21:13:20,69.4719,25.5112,3.31,96,100,3.11
321,Zahir Pir,PK,2021-11-25 21:13:20,28.8124,70.524,65.52,20,0,7.38
322,Laviana,ES,2021-11-25 21:13:20,43.2333,-5.5333,48.49,99,100,2.53
323,Prince George,CA,2021-11-25 21:11:27,53.9166,-122.753,42.26,78,63,1.99
324,Noumea,NC,2021-11-25 21:13:21,-22.2763,166.4572,79.0,99,30,8.55
325,Tsumeb,NA,2021-11-25 21:13:21,-19.2333,17.7167,78.82,15,0,5.3
326,Ribeira Grande,PT,2021-11-25 21:03:30,38.5167,-28.7,61.2,72,40,24.16
327,Henties Bay,NA,2021-11-25 21:13:22,-22.116,14.2845,59.86,92,0,0.65
328,Asau,RO,2021-11-25 21:13:22,46.4333,26.4,31.28,78,1,6.26
329,Whitianga,NZ,2021-11-25 21:13:23,-36.8333,175.7,69.03,63,32,3.53
330,Korla,CN,2021-11-25 21:13:23,41.7597,86.1469,28.18,54,9,3.06
331,Klaksvik,FO,2021-11-25 21:08:41,62.2266,-6.589,40.12,66,88,34.02
332,Ust-Kuyga,RU,2021-11-25 21:13:24,70.0167,135.6,-23.22,95,100,8.55
333,Darhan,MN,2021-11-25 21:13:24,49.4867,105.9228,16.56,83,12,8.57
334,Providencia,MX,2021-11-25 21:13:24,28.7167,-111.5833,86.05,42,80,5.01
335,Erenhot,CN,2021-11-25 21:13:25,43.6475,111.9767,21.87,72,1,7.2
336,Qasigiannguit,GL,2021-11-25 21:13:25,68.8193,-51.1922,25.05,78,93,7.65
337,Golyshmanovo,RU,2021-11-25 21:13:25,56.3979,68.3728,1.58,94,6,7.67
338,Nemuro,JP,2021-11-25 21:13:26,43.3236,145.575,35.24,67,0,20.29
339,Acari,PE,2021-11-25 21:13:26,-15.4311,-74.6158,75.36,60,92,8.43
340,Chemal,RU,2021-11-25 21:13:27,51.4111,86.005,32.04,96,100,7.29
341,Dire Dawa,ET,2021-11-25 21:13:27,9.5931,41.8661,65.57,55,5,1.79
342,Gubkinskiy,RU,2021-11-25 21:13:27,64.434,76.5026,5.13,88,100,14.56
343,Erdenet,MN,2021-11-25 21:13:28,49.0333,104.0833,16.99,78,49,5.86
344,Zyryanka,RU,2021-11-25 21:13:28,65.75,150.85,-28.55,97,13,6.55
345,Mae Hong Son,TH,2021-11-25 21:13:28,19.3003,97.9685,67.12,99,41,1.79
346,Port Blair,IN,2021-11-25 21:13:29,11.6667,92.75,78.13,85,100,2.1
347,Safranbolu,TR,2021-11-25 21:13:29,41.2508,32.6942,39.09,82,0,2.35
348,Kaeo,NZ,2021-11-25 21:13:30,-35.1,173.7833,66.38,65,68,3.91
349,Partizanskoye,RU,2021-11-25 21:13:30,55.5006,94.39,37.81,79,100,18.41
350,Portland,US,2021-11-25 21:13:30,45.5234,-122.6762,58.5,68,75,1.99
351,Mathbaria,BD,2021-11-25 21:13:31,22.2876,89.9593,65.57,61,0,3.98
352,Atbasar,KZ,2021-11-25 21:13:31,51.8,68.3333,7.14,86,89,13.58
353,Cavalcante,BR,2021-11-25 21:13:32,-13.7975,-47.4583,77.25,53,100,3.18
354,Deputatskiy,RU,2021-11-25 21:13:32,69.3,139.9,-27.49,88,96,1.34
355,Gornyy,RU,2021-11-25 21:13:32,55.1153,83.9059,9.34,95,99,10.89
356,Halifax,CA,2021-11-25 21:08:53,44.6453,-63.5724,48.0,90,98,11.01
357,Lumsden,CA,2021-11-25 21:13:33,50.6501,-104.8678,31.01,77,100,12.91
358,Aykhal,RU,2021-11-25 21:13:33,66.0,111.5,-3.15,99,100,7.16
359,Samana,DO,2021-11-25 21:13:34,19.2056,-69.3369,80.82,83,75,4.61
360,Jacobabad,PK,2021-11-25 21:13:34,28.281,68.4388,67.59,18,0,3.53
361,Severomuysk,RU,2021-11-25 21:13:34,56.1481,113.4267,-7.22,98,99,3.51
362,Progreso,MX,2021-11-25 21:13:35,21.2833,-89.6667,87.91,57,6,11.77
363,Vila Do Maio,CV,2021-11-25 21:13:35,15.1333,-23.2167,77.79,78,96,14.99
364,Ossora,RU,2021-11-25 21:13:36,59.2353,163.0719,12.87,90,100,12.93
365,Praia Da Vitoria,PT,2021-11-25 21:14:36,38.7333,-27.0667,58.75,88,95,29.37
366,Dunedin,NZ,2021-11-25 21:14:36,-45.8742,170.5036,58.51,61,100,4.36
367,Mubende,UG,2021-11-25 21:14:37,0.5606,31.39,60.76,98,98,1.7
368,Kokkola,FI,2021-11-25 21:14:37,63.8385,23.1307,21.92,94,100,3.44
369,Bairiki,KI,2021-11-25 21:14:37,1.3292,172.9752,84.2,70,20,16.11
370,Misawa,JP,2021-11-25 21:14:38,40.6836,141.3597,36.61,78,24,10.6
371,Bonavista,CA,2021-11-25 21:14:38,48.6499,-53.1147,48.11,98,100,24.0
372,Lata,PT,2021-11-25 21:14:39,40.1629,-8.3327,47.8,87,20,3.56
373,Mareeba,AU,2021-11-25 21:14:39,-17.0,145.4333,74.44,96,100,1.16
374,Buala,SB,2021-11-25 21:14:39,-8.145,159.5921,82.26,77,68,3.6
375,Chuy,UY,2021-11-25 21:14:40,-33.6971,-53.4616,72.09,65,98,4.07
376,Mahebourg,MU,2021-11-25 21:14:40,-20.4081,57.7,72.25,72,0,2.1
377,Atoyac,MX,2021-11-25 21:14:40,20.0167,-103.5333,77.36,21,7,0.76
378,Nagua,DO,2021-11-25 21:14:41,19.3832,-69.8474,80.91,94,75,5.75
379,Paita,PE,2021-11-25 21:14:41,-5.0892,-81.1144,75.76,78,76,16.31
380,Gavle,SE,2021-11-25 21:14:41,60.6745,17.1417,29.86,64,2,4.32
381,Khed Brahma,IN,2021-11-25 21:14:42,24.0333,73.05,69.62,42,1,3.67
382,Saldanha,ZA,2021-11-25 21:14:42,-33.0117,17.9442,68.76,51,0,17.9
383,Kuandian,CN,2021-11-25 21:14:43,40.7286,124.7847,23.79,67,36,1.48
384,Tura,IN,2021-11-25 21:14:43,25.5198,90.2201,57.49,68,0,3.36
385,Port Elizabeth,ZA,2021-11-25 21:14:44,-33.918,25.5701,64.09,82,90,19.57
386,Sokoni,TZ,2021-11-25 21:14:44,-6.4333,39.55,81.39,81,57,8.59
387,Nishihara,JP,2021-11-25 21:14:44,26.1842,127.7558,67.28,68,75,10.36
388,South Sioux City,US,2021-11-25 21:14:45,42.4739,-96.4136,30.2,41,1,3.0
389,Pitimbu,BR,2021-11-25 21:14:45,-7.4706,-34.8086,81.19,75,25,9.84
390,Nizwa,OM,2021-11-25 21:14:46,22.9333,57.5333,72.3,50,2,3.56
391,Shimoda,JP,2021-11-25 21:14:46,34.6667,138.95,50.11,65,0,22.06
392,Manadhoo,MV,2021-11-25 21:14:46,5.7667,73.3833,80.55,74,97,5.21
393,Karratha,AU,2021-11-25 21:14:47,-20.7377,116.8463,78.85,35,83,9.46
394,Nosy Varika,MG,2021-11-25 21:14:47,-20.5833,48.5333,74.01,94,100,15.46
395,Bama,NG,2021-11-25 21:14:47,11.5221,13.6856,75.43,17,13,7.4
396,Vila Velha,BR,2021-11-25 21:10:26,-20.3297,-40.2925,76.95,80,75,1.01
397,Fortuna,US,2021-11-25 21:14:48,40.5982,-124.1573,61.86,69,1,1.99
398,Zhicheng,CN,2021-11-25 21:11:55,30.2956,111.5047,52.99,67,3,3.24
399,Ulcinj,ME,2021-11-25 21:14:49,41.9294,19.2244,55.92,65,100,6.4
400,Taksimo,RU,2021-11-25 21:14:49,56.3444,114.8794,-9.92,99,99,0.67
401,Vitim,RU,2021-11-25 21:14:49,59.4511,112.5578,1.78,98,96,2.17
402,Songea,TZ,2021-11-25 21:14:50,-10.6833,35.65,66.06,80,82,4.52
403,De Aar,ZA,2021-11-25 21:14:50,-30.6497,24.0123,62.98,50,89,24.43
404,North Bend,US,2021-11-25 21:14:50,43.4065,-124.2243,58.91,77,1,4.61
405,Nayoro,JP,2021-11-25 21:14:51,44.3506,142.4578,27.59,94,100,7.34
406,Ambovombe,MG,2021-11-25 21:14:51,-25.1667,46.0833,68.85,60,99,9.55
407,Nehe,CN,2021-11-25 21:14:52,48.4833,124.8333,8.01,91,62,3.4
408,Santa Marta,CO,2021-11-25 21:11:03,11.2408,-74.199,80.96,84,57,13.13
409,El Alto,PE,2021-11-25 21:14:52,-4.2714,-81.2147,73.06,75,98,19.69
410,Rostovka,RU,2021-11-25 21:14:53,55.3842,71.8891,-0.47,96,10,7.52
411,Richards Bay,ZA,2021-11-25 21:11:55,-28.783,32.0377,66.22,72,100,6.71
412,Sorong,ID,2021-11-25 21:14:53,-0.8833,131.25,79.63,82,90,5.55
413,Saint Anthony,US,2021-11-25 21:15:54,45.0205,-93.218,24.73,41,1,3.0
414,Yomou,GN,2021-11-25 21:15:54,7.5603,-9.2653,75.04,51,28,1.66
415,Komatipoort,ZA,2021-11-25 21:15:55,-25.4332,31.9548,67.05,86,98,5.84
416,Sholapur,IN,2021-11-25 21:15:55,17.6833,75.9167,72.01,62,0,9.22
417,Vardo,NO,2021-11-25 21:15:55,70.3705,31.1107,17.58,93,75,11.5
418,Boa Vista,BR,2021-11-25 21:14:15,2.8197,-60.6733,91.38,49,20,4.61
419,Tafalla,ES,2021-11-25 21:15:56,42.5269,-1.6745,43.68,91,100,10.04
420,Kamen-Na-Obi,RU,2021-11-25 21:15:56,53.7884,81.3423,2.23,95,48,7.85
421,Pingshan,CN,2021-11-25 21:15:57,22.9938,114.7131,62.89,52,4,3.6
422,Nannilam,IN,2021-11-25 21:15:57,10.8793,79.6106,74.23,98,100,6.67
423,Egvekinot,RU,2021-11-25 21:15:57,66.3167,-179.1667,-17.7,88,83,10.8
424,Dakar,SN,2021-11-25 21:13:36,14.6937,-17.4441,79.68,71,88,9.86
425,Komsomolskiy,UZ,2021-11-25 21:15:58,40.4272,71.7189,48.92,46,100,6.91
426,Ayagoz,KZ,2021-11-25 21:15:58,47.9714,80.4392,21.42,96,100,12.75
427,Severo-Yeniseyskiy,RU,2021-11-25 21:15:58,60.3725,93.0408,5.23,97,100,0.76
428,Sterling,US,2021-11-25 21:14:55,39.0062,-77.4286,60.6,38,75,5.75
429,Apollonia,GR,2021-11-25 21:15:59,36.9716,24.7231,57.9,65,63,7.63
430,Nanortalik,GL,2021-11-25 21:15:59,60.1432,-45.2371,38.48,96,100,6.91
431,Rawson,AR,2021-11-25 21:12:47,-43.3002,-65.1023,65.71,45,22,14.63
432,Cidreira,BR,2021-11-25 21:16:00,-30.1811,-50.2056,70.29,94,100,5.12
433,Cuamba,MZ,2021-11-25 21:16:00,-14.8031,36.5372,69.44,95,100,3.58
434,Lyuban,BY,2021-11-25 21:16:01,52.7985,28.0048,34.03,81,34,13.69
435,Olafsvik,IS,2021-11-25 21:16:01,64.8945,-23.7142,31.95,71,43,19.28
436,Taoudenni,ML,2021-11-25 21:16:01,22.6783,-3.9836,80.4,29,100,8.37
437,Najran,SA,2021-11-25 21:16:02,17.4924,44.1277,63.25,41,8,0.49
438,Katangli,RU,2021-11-25 21:16:02,51.7102,143.2326,33.96,88,100,22.97
439,San Policarpo,PH,2021-11-25 21:16:03,12.1791,125.5072,80.46,84,99,6.26
440,Berlevag,NO,2021-11-25 21:16:03,70.8578,29.0864,15.8,79,0,13.8
441,Yerbogachen,RU,2021-11-25 21:16:04,61.2767,108.0108,10.56,96,100,4.09
442,Baykit,RU,2021-11-25 21:16:04,61.67,96.37,3.88,99,100,1.43
443,Pierre,US,2021-11-25 21:15:58,44.3683,-100.351,33.85,51,1,5.01
444,Resistencia,AR,2021-11-25 21:16:05,-27.4606,-58.9839,84.18,71,20,9.22
445,Kumluca,TR,2021-11-25 21:16:05,36.3703,30.2869,54.68,73,8,4.18
446,Thoen,TH,2021-11-25 21:16:05,17.6129,99.2161,68.74,99,28,1.66
447,Ponta Delgada,PT,2021-11-25 21:16:06,37.7333,-25.6667,59.72,72,20,14.97
448,Carnot,CF,2021-11-25 21:16:06,4.9409,15.8665,74.21,47,8,0.02
449,Xiazhen,CN,2021-11-25 21:16:06,34.8022,117.1117,43.45,51,0,2.98
450,Krasnokholm,RU,2021-11-25 21:16:07,51.5979,54.1567,25.68,95,99,11.39
451,Betioky,MG,2021-11-25 21:16:07,-23.7167,44.3833,66.09,66,7,12.64
452,Cianorte,BR,2021-11-25 21:16:08,-23.6633,-52.605,84.34,66,90,7.56
453,Andreyevo,RU,2021-11-25 21:16:08,55.9465,41.1505,34.07,91,100,12.1
454,Magdagachi,RU,2021-11-25 21:16:08,53.45,125.8,9.9,75,100,4.45
455,Hun,LY,2021-11-25 21:16:09,29.1268,15.9477,74.48,23,2,8.34
456,Paamiut,GL,2021-11-25 21:16:09,61.994,-49.6678,31.53,99,100,3.58
457,Sitka,US,2021-11-25 21:16:10,57.0531,-135.33,39.09,87,90,8.61
458,Chernyakhovsk,RU,2021-11-25 21:16:10,54.6335,21.8156,34.54,80,64,13.76
459,Enid,US,2021-11-25 21:16:10,36.3956,-97.8784,48.36,38,1,4.0
460,Ketchikan,US,2021-11-25 21:16:11,55.3422,-131.6461,48.67,87,90,12.66
461,Nipawin,CA,2021-11-25 21:17:11,53.3668,-104.0009,14.04,85,40,9.22
462,Scarborough,GB,2021-11-25 21:17:11,54.2797,-0.4044,38.52,76,98,1.99
463,Ihosy,MG,2021-11-25 21:17:12,-22.4,46.1167,64.69,83,87,11.83
464,Lewiston,US,2021-11-25 21:17:12,44.1003,-70.2148,49.24,56,75,3.44
465,Comodoro Rivadavia,AR,2021-11-25 21:17:13,-45.8667,-67.5,69.66,32,0,12.66
466,Itarema,BR,2021-11-25 21:17:13,-2.9248,-39.9167,81.41,74,83,15.43
467,Ixtapa,MX,2021-11-25 21:17:13,20.7,-105.2,83.43,58,75,10.36
468,Omsukchan,RU,2021-11-25 21:16:09,62.5333,155.8,-29.52,99,24,4.59
469,Nantucket,US,2021-11-25 21:17:14,41.2835,-70.0995,50.14,75,87,18.14
470,Loiza,PR,2021-11-25 21:17:14,18.4313,-65.8802,82.96,84,75,14.97
471,Chinsali,ZM,2021-11-25 21:17:15,-10.5414,32.0816,67.35,82,100,6.6
472,Erie,US,2021-11-25 21:17:15,42.7667,-78.6664,45.82,80,100,3.0
473,Kita,ML,2021-11-25 21:17:15,13.0349,-9.4895,81.3,23,100,4.36
474,Mayahi,NE,2021-11-25 21:17:16,13.9553,7.6712,81.19,17,8,8.97
475,Oktyabrskoye,RU,2021-11-25 21:17:16,43.0645,44.7417,28.54,92,76,8.95
476,Kawhia,NZ,2021-11-25 21:17:16,-38.0651,174.8183,73.15,68,5,3.49
477,Olinda,BR,2021-11-25 21:17:17,-8.0089,-34.8553,82.13,74,40,6.91
478,Chardara,KZ,2021-11-25 21:17:17,41.2547,67.9692,40.35,79,100,11.01
479,Nileshwar,IN,2021-11-25 21:17:17,12.25,75.1,77.76,82,61,4.83
480,Umm Lajj,SA,2021-11-25 21:17:18,25.0213,37.2685,75.76,55,0,8.03
481,Tocopilla,CL,2021-11-25 21:17:18,-22.092,-70.1979,67.17,63,85,7.23
482,Fomboni,KM,2021-11-25 21:17:19,-12.28,43.7425,80.4,75,3,4.43
483,Camacha,PT,2021-11-25 21:17:19,33.0833,-16.3333,60.22,72,75,16.11
484,Lakhimpur,IN,2021-11-25 21:17:19,27.95,80.7667,60.24,54,0,2.84
485,Knokke-Heist,BE,2021-11-25 21:17:20,51.3333,3.3333,47.01,83,100,10.0
486,Usinsk,RU,2021-11-25 21:17:20,65.9939,57.5281,0.48,100,97,3.76
487,Nurota,UZ,2021-11-25 21:17:20,40.5614,65.6886,35.69,66,100,9.93
488,Pangody,RU,2021-11-25 21:17:21,65.85,74.4859,5.47,93,100,11.63
489,Pafos,CY,2021-11-25 21:15:19,34.7667,32.4167,58.91,77,20,8.05
490,Tokur,RU,2021-11-25 21:17:22,53.1333,132.9,-2.63,100,78,2.46
491,Mackay,AU,2021-11-25 21:15:10,-21.15,149.2,79.68,83,96,5.21
492,Qena,EG,2021-11-25 21:17:22,26.1615,32.7183,71.24,33,0,5.12
493,Tandalti,SD,2021-11-25 21:17:23,13.0167,31.8667,76.17,15,2,13.73
494,Tibati,CM,2021-11-25 21:17:23,6.4667,12.6333,72.57,34,11,1.3
495,Bubaque,GW,2021-11-25 21:17:23,11.2833,-15.8333,83.46,72,98,14.14
496,Ambilobe,MG,2021-11-25 21:17:24,-13.2,49.05,77.88,84,94,0.81
497,Valparaiso,CL,2021-11-25 21:17:24,-33.0393,-71.6273,80.83,55,0,11.5
498,Nuuk,GL,2021-11-25 21:17:25,64.1835,-51.7216,29.01,100,75,3.44
499,Pacifica,US,2021-11-25 21:13:45,37.6138,-122.4869,69.73,52,75,3.0
500,Kribi,CM,2021-11-25 21:17:25,2.95,9.9167,78.8,85,36,5.37
501,Srednekolymsk,RU,2021-11-25 21:17:26,67.45,153.6833,-34.31,100,19,2.37
502,Zlobin,HR,2021-11-25 21:17:26,45.2924,14.6541,46.17,94,90,5.75
503,Kashi,CN,2021-11-25 21:17:26,39.4547,75.9797,29.41,59,38,8.95
504,Mitsamiouli,KM,2021-11-25 21:17:27,-11.3847,43.2844,79.52,76,10,5.97
505,La Ronge,CA,2021-11-25 21:17:27,55.1001,-105.2842,14.25,79,90,10.36
506,Lazarev,RU,2021-11-25 21:17:27,52.225,141.5131,31.24,89,100,18.81
507,Bourail,NC,2021-11-25 21:17:28,-21.5667,165.4833,78.82,63,6,4.88
508,Schladming,AT,2021-11-25 21:18:28,47.3929,13.687,45.36,91,94,3.71
509,Pangai,TO,2021-11-25 21:18:29,-19.8,-174.35,84.31,65,75,5.75
510,Salalah,OM,2021-11-25 21:18:29,17.0151,54.0924,77.09,53,0,2.3
511,Novyy Urengoy,RU,2021-11-25 21:18:29,66.0833,76.6333,5.76,95,100,8.84
512,Carnarvon,AU,2021-11-25 21:18:30,-24.8667,113.6333,62.67,72,0,9.22
513,Namatanai,PG,2021-11-25 21:18:30,-3.6667,152.4333,81.27,75,70,2.86
514,Severnyy,RU,2021-11-25 21:18:31,50.677,36.5532,32.04,74,75,8.95
515,Krasnovishersk,RU,2021-11-25 21:18:31,60.4078,57.082,11.26,96,99,4.54
516,Savonlinna,FI,2021-11-25 21:18:31,61.8699,28.88,28.45,86,90,6.91
517,Terra Santa,BR,2021-11-25 21:18:32,-2.1042,-56.4869,89.31,51,64,0.47
518,Kuito,AO,2021-11-25 21:18:32,-12.3833,16.9333,63.36,77,94,3.04
519,Preobrazheniye,RU,2021-11-25 21:18:32,42.9019,133.9064,22.37,69,3,10.09
520,Bahia Blanca,AR,2021-11-25 21:18:33,-38.7196,-62.2724,89.71,21,11,19.06
521,Lisala,CD,2021-11-25 21:18:33,2.15,21.5167,73.29,60,42,2.1
522,Fiumicino,IT,2021-11-25 21:17:21,41.7675,12.2291,55.53,75,40,2.3
523,Shumikha,RU,2021-11-25 21:18:34,55.2261,63.2961,9.32,96,54,8.19
524,Kazanskoye,RU,2021-11-25 21:18:34,55.6448,69.235,0.54,93,6,7.05
525,Chadiza,ZM,2021-11-25 21:18:35,-14.0678,32.4392,66.29,95,100,9.93
526,Kazachinskoye,RU,2021-11-25 21:18:35,57.6953,93.2761,19.45,95,100,6.64
527,Antofagasta,CL,2021-11-25 21:14:39,-23.65,-70.4,65.48,69,11,9.26
528,Alice Springs,AU,2021-11-25 21:18:36,-23.7,133.8833,63.95,77,99,10.36
529,Mana,GF,2021-11-25 21:18:36,5.6592,-53.7767,80.1,81,67,7.0
530,Kyren,RU,2021-11-25 21:18:37,51.6828,102.1408,23.25,80,100,3.42
531,Balabac,PH,2021-11-25 21:18:37,7.9868,117.0645,79.81,80,100,0.54
532,Bonfim,BR,2021-11-25 21:18:37,3.0833,-59.95,89.55,56,70,2.21
533,Fayaoue,NC,2021-11-25 21:18:38,-20.65,166.5333,77.41,78,41,13.98
534,Saint-Ambroise,CA,2021-11-25 21:18:38,48.5501,-71.3324,33.58,75,100,1.28
535,Lensk,RU,2021-11-25 21:18:39,60.7253,114.9278,2.28,97,98,3.51
536,Mizdah,LY,2021-11-25 21:18:39,31.4451,12.9801,60.51,59,0,11.56
537,Ziarat,PK,2021-11-25 21:18:39,30.3823,67.7282,38.46,33,0,6.71
538,Kavaratti,IN,2021-11-25 21:18:40,10.5669,72.642,81.48,77,100,5.41
539,Acapulco,MX,2021-11-25 21:17:05,16.8634,-99.8901,85.82,66,1,9.22
540,Jawhar,SO,2021-11-25 21:18:40,2.7809,45.5005,78.39,84,98,10.96
541,Nabire,ID,2021-11-25 21:18:40,-3.3667,135.4833,75.51,91,85,2.91
542,Axim,GH,2021-11-25 21:15:01,4.8699,-2.2405,80.26,83,11,7.34
543,Parrita,CR,2021-11-25 21:18:41,9.5201,-84.3225,86.61,72,91,5.12
544,Tieli,CN,2021-11-25 21:18:42,46.95,128.05,0.23,99,100,2.51
545,Bowen,AU,2021-11-25 21:18:42,-20.0167,148.2333,77.34,84,100,4.23
546,Dejen,ET,2021-11-25 21:16:15,10.1667,38.1333,55.71,43,47,4.5
547,Ondangwa,NA,2021-11-25 21:18:43,-17.9167,15.95,82.54,14,2,9.55
548,Vao,NC,2021-11-25 21:18:43,-22.6667,167.4833,75.04,84,37,17.07
549,Lompoc,US,2021-11-25 21:18:44,34.6391,-120.4579,77.56,34,1,12.66
550,Idritsa,RU,2021-11-25 21:18:44,56.3316,28.8988,34.65,84,99,12.68
551,Shaoguan,CN,2021-11-25 21:18:44,24.8,113.5833,50.72,73,0,1.72
552,Kourou,GF,2021-11-25 21:18:45,5.1552,-52.6478,82.45,80,45,4.88
553,Quatre Cocos,MU,2021-11-25 21:19:45,-20.2078,57.7625,73.09,73,0,2.24
554,Port Hedland,AU,2021-11-25 21:19:45,-20.3167,118.5667,69.85,78,16,5.75
555,Bonthe,SL,2021-11-25 21:19:46,7.5264,-12.505,80.85,83,34,7.47
556,Muros,ES,2021-11-25 21:19:46,42.7762,-9.0603,52.23,87,22,15.23
557,Huacho,PE,2021-11-25 21:19:46,-11.1067,-77.605,69.84,76,94,9.69
558,Lodja,CD,2021-11-25 21:19:47,-3.4833,23.4333,69.24,99,93,0.67
559,Chippewa Falls,US,2021-11-25 21:19:47,44.9369,-91.3929,25.74,36,1,16.11
560,Samarai,PG,2021-11-25 21:19:48,-10.6167,150.6667,83.5,75,93,11.14
561,Altamira,BR,2021-11-25 21:19:48,-3.2033,-52.2064,84.29,74,40,6.91
562,Vega De Alatorre,MX,2021-11-25 21:19:48,20.0333,-96.6333,77.79,73,12,4.5
563,Nome,US,2021-11-25 21:19:49,64.5011,-165.4064,-7.53,65,1,5.75
564,Shu,KZ,2021-11-25 21:19:49,43.5983,73.7614,40.23,95,100,10.78
565,Gornopravdinsk,RU,2021-11-25 21:19:49,60.05,69.9,1.02,97,23,6.06
566,Agirish,RU,2021-11-25 21:19:50,61.9247,63.0231,4.75,92,100,5.23
567,Skibbereen,IE,2021-11-25 21:19:50,51.55,-9.2667,42.6,73,100,15.35
568,Dukat,RU,2021-11-25 21:19:50,62.55,155.55,-29.52,99,22,3.94
569,Waingapu,ID,2021-11-25 21:19:51,-9.6567,120.2641,80.1,79,96,2.44
570,Aksu,CN,2021-11-25 21:16:16,41.1231,80.2644,30.09,49,70,0.45
571,Udachnyy,RU,2021-11-25 21:19:51,66.4167,112.4,-8.95,99,99,5.99
572,Gimli,CA,2021-11-25 21:19:52,50.6336,-96.9907,10.06,56,100,11.5
573,Danville,US,2021-11-25 21:19:52,36.586,-79.395,64.18,27,1,6.91
574,Yunyang,CN,2021-11-25 21:19:52,33.4474,112.7142,49.01,41,0,3.74
575,Luganville,VU,2021-11-25 21:19:53,-15.5333,167.1667,81.19,75,0,5.3
576,Sakata,JP,2021-11-25 21:19:53,38.9167,139.855,44.74,68,100,25.93
577,Kampot,KH,2021-11-25 21:19:54,10.6167,104.1833,75.54,80,98,9.8
